id,english,code,hypers,hypons
1392,Encyclopedias in American English,031,1390,
1393,Encyclopedias in English,032,1390,
1394,In other Germanic languages,033,1390,
1395,"Encyclopedias in French, Occitan & Catalan",034,1390,
2842,South Indian ocean islands,969,2833,
1397,Encyclopedias in Spanish & Portuguese,036,1390,
1398,Encyclopedias in Slavic languages,037,1390,
1403,Serials in American English,051,1401,
1404,Serials in English,052,1401,
1407,Serials in Spanish & Portuguese,056,1401,
1435,Collections in other Germanic languages,083,1431,
1405,Serials in other Germanic languages,053,1401,
1425,Newspapers in central Europe; in Germany,073,1422,
1406,"Serials in French, Occitan & Catalan",054,1401,
1437,Collections in Spanish & Portuguese,086,1431,
1399,Encyclopedias in Scandinavian languages,038,1390,
1408,Serials in Slavic languages,057,1401,
1409,Serials in Scandinavian languages,058,1401,
1438,Collections in Slavic languages,087,1431,
1439,Collections in Scandinavian languages,088,1431,
1419,Organizations in eastern Europe; in Russia,067,1411,
1428,Newspapers in eastern Europe; in Russia,077,1422,
1413,Organizations in North America,061,1411,
1423,Newspapers in North America,071,1422,
1433,Collections in American English,081,1431,
1414,Organizations in British isles; in England,062,1411,
1416,Organizations in France & Monaco,064,1411,
1426,Newspapers in France & Monaco,074,1422,
1417,Organizations in Italy & adjacent islands,065,1411,
1427,Newspapers in Italy & adjacent islands,075,1422,
1429,Newspapers in Scandinavia,078,1422,
1424,Newspapers in British isles; in England,072,1422,
1434,Collections in English,082,1431,
1820,Public Administration,351,1819,"1821,1822,1823,1825,1826,2991,1824"
1346,"Computer Science, Knowledge & Systems",000,1345,"1347,1353,1354,1360,1368,2924,1355"
1347,Knowledge,001,1346,"1348,1349,1350,1351,1352"
1348,Intellectual life,001.1,1347,
1349,Scholarship and learning,001.2,1347,
1350,Humanities,001.3,1347,
1351,Research,001.4,1347,
1352,Controversial knowledge,001.9,1347,
1353,The book,002,1346,
1354,Systems,003,1346,
1356,"Systems analysis and design, computer architecture",004.2,1355,
1357,Storage,004.5,1355,
1358,Interfacing and communications,004.6,1355,
1359,Peripherals,004.7,1355,
1360,"Computer Programming, Programs & Data",005,1346,"1361,1362,1363,1364,1365,1366,1367"
1361,Programming,005.1,1360,
1362,Programming for specific types of computers,005.2,1360,
1363,Programs,005.3,1360,
1364,Systems programming and programs,005.4,1360,
1365,Microprogramming and microprograms,005.6,1360,
1366,Data in computer systems,005.7,1360,
1367,Data security,005.8,1360,
1368,Special Computer Methods,006,1346,"1369,1370,1371,1372"
1369,Artificial intelligence,006.3,1368,
1370,Computer pattern recognition,006.4,1368,
1371,Computer sound synthesis,006.5,1368,
1372,Computer graphics,006.6,1368,
1373,Bibliographies,010,1345,"1375,1376,1377,1378,1379,1380,1381,2935,1374"
1375,Bibliographies of individuals,012,1373,
1376,Of anonymous & pseudonymous works,014,1373,
1377,Bibliographies of works from specific places,015,1373,
1378,Bibliographies of works on specific subjects,016,1373,
1379,General subject catalogs,017,1373,
1380,"Catalogs arranged by author, date, etc.",018,1373,
1381,Dictionary catalogs,019,1373,
1382,Library & Information Sciences,020,1345,"1383,1384,1385,1386,1388,1389,2936,1387"
1383,Library relationships,021,1382,
1384,Administration of physical plant,022,1382,
1385,Personnel management,023,1382,
1386,Library operations,025,1382,
1388,General libraries,027,1382,
1389,Reading & use of other information media,028,1382,
1390,Encyclopedias & Books Of Facts,030,1345,"1392,1393,1394,1395,1397,1398,1399,1391,1400,1396"
1391,General encyclopedic works,030,1390,
1400,Encyclopedias in other languages,039,1390,
1401,"Magazines, Journals & Serials",050,1345,"1403,1404,1407,1405,1406,1408,1409,1410,1402"
1410,Serials in other languages,059,1401,
1411,"Associations, Organizations & Museums",060,1345,"1419,1413,1414,1416,1417,1412,1418,1420,1421,1415"
1412,General organizations & museum science,060,1411,
1418,In iberian peninsula & adjacent islands,066,1411,
1420,Organizations in other geographic areas,068,1411,
1421,Museum science,069,1411,
1422,"News Media, Journalism & Publishing",070,1345,"1425,1428,1423,1426,1427,1429,1424,1430,2937"
1430,Newspapers in other geographic areas,079,1422,
1431,Quotations,080,1345,"1435,1437,1438,1439,1433,1434,1432,1436,1440"
1432,General collections,080,1431,
1441,Manuscripts & Rare Books,090,1345,"1442,1443,1444,1445,1446,1447,1448,1450,2938,1449"
1442,Manuscripts,091,1441,
1443,Block books,092,1441,
1444,Incunabula,093,1441,
1445,Printed books,094,1441,
1446,Books notable for bindings,095,1441,
1447,Books notable for illustrations,096,1441,
1448,Books notable for ownership or origin,097,1441,
1450,Books notable for format,099,1441,
1451,Philosophy & Psychology,100,,"1452,1459,1468,1477,1502,1527,1535,1555,1491,1545"
1452,Philosophy,100,1451,"1453,1454,1455,1456,1457,1458,2925"
1453,Theory of philosophy,101,1452,
1454,Miscellany,102,1452,
1455,Dictionaries & encyclopedias,103,1452,
1456,Serial publications,105,1452,
1457,Organizations & management,106,1452,
1458,"Education, research & related topics",107,1452,
1459,Metaphysics,110,1451,"1460,1461,1462,1463,1464,1465,1466,1467,2939"
1460,Ontology,111,1459,
1461,Cosmology,113,1459,
1462,Space,114,1459,
1463,Time,115,1459,
1464,Change,116,1459,
1465,Structure,117,1459,
1466,Force & energy,118,1459,
1467,Number & quantity,119,1459,
1468,Epistemology,120,1451,"1470,1471,1472,1473,1474,1475,1476,2940,1469"
1470,Causation,122,1468,
1471,Determinism & indeterminism,123,1468,
1472,Teleology,124,1468,
1473,The self,126,1468,
1474,The unconscious & the subconscious,127,1468,
1475,Humankind,128,1468,
1476,Origin & destiny of individual souls,129,1468,
1477,Parapsychology & Occultism,130,1451,"1478,1479,1487,1488,1489,1490,2941"
1478,Parapsychological & occult methods,131,1477,
1479,Specific Topics In Parapsychology & Occultism,133,1477,"1480,1481,1482,1483,1484,1485,1486"
1480,Apparitions,133.1,1479,
1481,Divinatory arts,133.3,1479,
1482,Demonology and witchcraft,133.4,1479,
1483,Astrology,133.5,1479,
1484,Palmistry,133.6,1479,
1485,Psychic phenomena,133.8,1479,
1486,Spiritualism,133.9,1479,
1487,Dreams & mysteries,135,1477,
1488,Divinatory graphology,137,1477,
1489,Physiognomy,138,1477,
1490,Phrenology,139,1477,
1492,Specific philosophical schools,140,1491,
1493,Idealism & related systems,141,1491,
1494,Critical philosophy,142,1491,
1495,Bergsonism & intuitionism,143,1491,
1496,Humanism & related systems,144,1491,
1497,Sensationalism,145,1491,
1498,Naturalism & related systems,146,1491,
1499,Pantheism & related systems,147,1491,
1500,"Eclecticism, liberalism & traditionalism",148,1491,
1501,Other philosophical systems,149,1491,
1502,Psychology,150,1451,"1503,1509,1518,1524,1525,1526,2942"
1503,"Perception, Movement, Emotions & Drives",152,1502,"1504,1506,1507,1508,1505"
1504,Sensory perception,152.1,1503,
1506,Emotions and feelings,152.4,1503,
1507,Physiological drives,152.5,1503,
1508,"Quantitative threshold, discrimination, reaction-time studies",152.8,1503,
1509,Mental Processes & Intelligence,153,1502,"1510,1511,1512,1513,1514,1515,1516,1517"
1510,Memory and learning,153.1,1509,
1511,Formation and association of ideas,153.2,1509,
1512,Imagination and imagery,153.3,1509,
1513,Knowledge (cognition),153.4,1509,
1514,Communication,153.6,1509,
1515,Perceptual processes,153.7,1509,
1516,Will (volition),153.8,1509,
1517,Intelligence and aptitudes,153.9,1509,
1518,Subconscious & Altered States,154,1502,"1519,1520,1521,1522,1523"
1519,The subconscious,154.2,1518,
1520,"Daydreams, fantasies, reveries",154.3,1518,
1521,Altered states of concsiousness,154.4,1518,
1522,Sleep phenomena,154.6,1518,
1523,Hypnotism,154.7,1518,
1524,Differential & developmental psychology,155,1502,
1525,Comparative psychology,156,1502,
1526,Applied psychology,158,1502,
1527,Philosophical Logic,160,1451,"1528,1529,1530,1531,1532,1533,1534,2943"
1528,Induction,161,1527,
1529,Deduction,162,1527,
1530,Fallacies & sources of error,165,1527,
1531,Syllogisms,166,1527,
1532,Hypotheses,167,1527,
1533,Argument & persuasion,168,1527,
1534,Analogy,169,1527,
1535,Ethics,170,1451,"1537,1538,1539,1540,1541,1542,1543,1536,1544,2944"
1537,Political ethics,172,1535,
1538,Ethics of family relationships,173,1535,
1539,Occupational ethics,174,1535,
1540,Ethics of recreation & leisure,175,1535,
1541,Ethics of sex & reproduction,176,1535,
1542,Ethics of social relations,177,1535,
1543,Ethics of consumption,178,1535,
1396,"In Italian, Romanian & related languages",035,1390,
1547,Pre-Socratic Greek philosophies,182,1545,
1559,Philosophy of France,194,1555,
1557,Philosophy of British isles,192,1555,
1563,Philosophy of Scandinavia,198,1555,
1556,Philosophy of United States & Canada,191,1555,
1610,Jesus Christ & his family,232,1608,
1621,Use of art in Christianity,246,1616,
1561,Philosophy of Spain & Portugal,196,1555,
1560,Philosophy of Italy,195,1555,
1562,Philosophy of former Soviet Union,197,1555,
1591,Old Testament (Tanakh),221,1581,
1595,New Testament,225,1581,
1592,Historical books of Old Testament,222,1581,
1593,Poetic books of Old Testament,223,1581,
1594,Prophetic books of Old Testament,224,1581,
1551,Skeptic & Neoplatonic philosophies,186,1545,
1582,Bible,220,1581,"1584,1585,1586,1587,1588,1589,1583,1590"
1625,Christian pastoral practices & religious orders,250,1626,
1546,Eastern philosophy,181,1545,
1548,Socratic & related philosophies,183,1545,
1549,Platonic philosophy,184,1545,
1550,Aristotelian philosophy,185,1545,
1552,Epicurean philosophy,187,1545,
1553,Stoic philosophy,188,1545,
1554,Medieval western philosophy,189,1545,
1555,Modern Western Philosophy,190,1451,"1559,1557,1563,1556,1561,1560,1562,1564,1558,2946"
1564,Philosophy in other geographic areas,199,1555,
1565,Religion,200,,"1625,1575,1581,1608,1616,1633,1644,1655,1665,2926"
1567,Doctrines,202,1565,
1568,Public worship & other practices,203,1565,
1569,"Religious experience, life & practice",204,1565,
1570,Religious ethics,205,1565,
1571,Leaders & organization,206,1565,
1572,Missions & religious education,207,1565,
1573,Sources,208,1565,
1574,Sects & reform movements,209,1565,
1575,Philosophy & Theory Of Religion,210,1565,"1576,1577,1578,1579,1580,2882,2947"
1576,Concepts of god,211,1575,
1577,"Existence, knowability & attributes of god",212,1575,
1578,Creation,213,1575,
1579,Theodicy,214,1575,
1580,Science & religion,215,1575,
1581,The Bible,220,1565,"1591,1595,1592,1593,1594,1582,1596,1605,1606,1607"
1584,Encyclopedias and topical dictionaries,220.3,1582,
1585,"Original texts, early versions, early translations",220.4,1582,
1586,Modern versions and translations,220.5,1582,
1587,Interpretation and criticism (exegesis),220.6,1582,
1588,Commentaries,220.7,1582,
1589,Nonreligious subjects treated in bible,220.8,1582,
1596,Gospels & Acts,226,1581,"1597,1598,1599,1600,1601,1602,1603,1604"
1597,Matthew,226.2,1596,
1598,Mark,226.3,1596,
1599,Luke,226.4,1596,
1600,John,226.5,1596,
1601,Acts of the apostles,226.6,1596,
1602,Miracles,226.7,1596,
1603,Parables,226.8,1596,
1604,Sermon on the mount,226.9,1596,
1605,Epistles,227,1581,
1606,Revelation (apocalypse),228,1581,
1607,Apocrypha & pseudepigrapha,229,1581,
1608,Christianity & Christian Theology,230,1565,"1610,1609,1611,1612,1613,1614,1615,2948"
1609,God,231,1608,
1611,Salvation & grace,234,1608,
1612,Spiritual beings,235,1608,
1613,Eschatology,236,1608,
1614,Creeds & catechisms,238,1608,
1615,Apologetics & polemics,239,1608,
1616,Christian Practice & Observance,240,1565,"1621,1617,1618,1619,1620,1622,1624,1623"
1617,Christian moral & devotional theology,240,1616,
1618,Christian ethics,241,1616,
1619,Devotional literature,242,1616,
1620,Evangelistic writings for individuals,243,1616,
1622,Church furnishings & articles,247,1616,
1624,Christian observances in family life,249,1616,
1626,Christian Orders & Local Church,250,1565,"1626,1627,1628,1629,1630,1631,1632"
1627,Preaching,251,1625,
1628,Texts of sermons,252,1625,
1629,Pastoral office & work,253,1625,
1630,Parish administration,254,1625,
1631,Religious congregations & orders,255,1625,
1632,Pastoral care of families & kinds of persons,259,1625,
1633,Christian social and ecclesiastical theology,260,1634,
1634,Social & Ecclesiastical Theology,260,1565,"1633,1635,1636,1638,1639,1640,1641,1642,1643,1637"
1635,Social theology,261,1633,
1636,Ecclesiology,262,1633,
1638,Public worship,264,1633,
1639,"Sacraments, other rites & acts",265,1633,
1640,Missions,266,1633,
1641,Associations for religious work,267,1633,
1642,Religious education,268,1633,
1643,Spiritual renewal,269,1633,
1644,History Of Christianity,270,1565,"1649,1651,1650,1652,1653,1654,1646,1647,1648,1645"
1558,Philosophy of Germany & Austria,193,1555,
1649,History of Christianity in Europe,274,1644,
1712,General statistics of Europe,314,1710,
1651,History of Christianity in Africa,276,1644,
1714,General statistics of Africa,316,1710,
1650,History of Christianity in Asia,275,1644,
1713,General statistics of Asia,315,1710,
1652,History of Christianity in North America,277,1644,
1653,History of Christianity in South America,278,1644,
1715,General statistics of North America,317,1710,
1716,General statistics of South America,318,1710,
1666,Greek & Roman religion,292,1665,
1654,History of Christianity in other areas,279,1644,
1662,"Baptist, Disciples of Christ & Adventist",286,1655,
1661,"Presbyterian, Reformed & Congregational",285,1655,
1671,"Islam, Babism & Bahai faith",297,1665,
1668,Religions of Indic origin,294,1665,
1676,Social Interaction,302,1674,"1677,1678,1679,2988"
1646,Religious orders in church history,271,1644,
1647,Persecutions in church history,272,1644,
1648,Doctrinal controversies & heresies,273,1644,
1655,Christian Denominations,280,1565,"1662,1661,1657,1658,1659,1660,1663,1664,1656"
1657,Early church & eastern churches,281,1655,
1658,Roman catholic church,282,1655,
1659,Anglican churches,283,1655,
1660,Protestants of continental origin,284,1655,
1663,Methodist & related churches,287,1655,
1664,Other denominations & sects,289,1655,
1665,Other Religions,290,1565,"1666,1671,1668,1667,1669,1670,1672,2949"
1667,Germanic religion,293,1665,
1669,Zoroastrianism,295,1665,
1670,Judaism,296,1665,
1672,Religions not provided for elsewhere,299,1665,
1673,Social Sciences,300,,"1710,1718,1753,1802,1819,1862,1898,1930,1952,1674"
1675,Sociology & anthropology,301,1674,
1677,Social interaction within groups,302.3,1676,
1678,Social interaction between groups,302.4,1676,
1679,Relation of the individual to society,302.5,1676,
1680,Social Processes,303,1674,"1681,1682,1683"
1681,Coordination and control,303.3,1680,
1682,Social change,303.4,1680,
1683,Conflict,303.6,1680,
1684,Factors Affecting Social Behavior,304,1674,"1685,1686,1687,1688"
1685,Human ecology,304.2,1684,
1686,Genetic factors,304.5,1684,
1687,Population,304.6,1684,
1688,Movement of people,304.8,1684,
1689,Social Groups,305,1674,"1690,1691,1692,1693,1694,1695,1696,1697"
1690,Age groups,305.2,1689,
1691,Men and women,305.3,1689,
1692,Women,305.4,1689,
1693,Social classes,305.5,1689,
1694,Religious groups,305.6,1689,
1695,Language groups,305.7,1689,
1696,"Racial, ethnic, national groups",305.8,1689,
1697,Occupational and miscellaneous groups,305.9,1689,
1698,Culture & Institutions,306,1674,"1699,1700,1701,1702,1704,1705,1703"
1699,Political institutions,306.2,1698,
1700,Economic institutions,306.3,1698,
1701,Specific types of culture,306.4,1698,
1702,Religious institutions,306.6,1698,
1704,Marriage and family,306.8,1698,
1705,Institutions pertaining to death,306.9,1698,
1706,Communities,307,1674,"1687,1707,1708,1709"
1707,Community planning and development,307.1,1706,
1708,Community structure,307.3,1706,
1709,Specific kinds of communities,307.7,1706,
1710,Statistics,310,1673,"1712,1714,1713,1715,1716,1711,1717"
1711,Collections of general statistics,310,1710,
1717,General statistics of other areas,319,1710,
1718,Political Science,320,1673,"1725,1730,1732,1738,1745,1746,1747,1750,2950"
1719,The state,320.1,2950,
1720,Comparative,320.3,2950,
1722,Political ideologies,320.5,2950,
1723,Local government,320.8,2950,
1724,Political situation and conditions,320.9,2950,
1725,Systems Of Governments & States,321,1718,"1726,1727,1728,1729"
1726,Pure democracy,321.4,1725,
1727,Elitist systems,321.5,1725,
1728,Democratic systems,321.8,1725,
1729,Authoritarian systems,321.9,1725,
1730,Relation Of State To Organized Groups,322,1718,1731
1731,Political action groups,322.4,1730,
1732,Civil & Political Rights,323,1718,"1734,1735,1736,1737,1733"
1734,Civil and political rights of other social aggregates,323.3,1732,
1735,Specific civil rights; limitation and suspension of civil rights,323.4,1732,
1736,Political rights,323.5,1732,
1737,Citizenship and related topics,323.6,1732,
1738,The Political Process,324,1718,"1739,1740,1741,1743,1742,1744"
1739,"International party organizations, auxiliaries, activities",324.1,1738,
1740,Political parties,324.2,1738,
1741,Nomination of candidates,324.5,1738,
2988,Communication,302.2,1676,
1743,Conduct of election campaigns,324.7,1738,
1745,International migration & colonization,325,1718,
1746,Slavery & emancipation,326,1718,
1747,International Relations,327,1718,"1748,1749"
1748,General topics of international relations; spies,327.1,1747,
1749,Diplomacy,327.2,1747,
1750,The Legislative Process,328,1718,"1751,1752"
1751,Initiative and referendum,328.2,1750,
1752,Legislative bodies,328.3,1750,
1753,Economics,330,1673,"1756,1765,1772,1780,1781,1782,1786,1787,1797,2951"
1754,Systems and theories,330.1,1753,
1755,Economic situation and conditions,330.9,1753,
1756,Labor Economics,331,1753,"1757,1758,1759,1760,1761,1762,1763,1764"
1757,Labor force and market,331.1,1756,
1758,Compensation and other conditions of employment,331.2,1756,
1759,Workers of specific age groups,331.3,1756,
1760,Women workers,331.4,1756,
1761,Special categories of workers other than by age or sex,331.5,1756,
1762,"Categories of workers by racial, ethnic, national origin",331.6,1756,
1763,Labor by industry and occupation,331.7,1756,
1764,"Labor unions, labor-management bargaining and disputes",331.8,1756,
1765,Financial Economics,332,1753,"1766,1767,1768,1769,1770,1771"
1766,Banks and banking,332.1,1765,
1767,Credit and loan institutions,332.3,1765,
1768,Money,332.4,1765,
1769,Stocks,332.6,1765,
1770,Credit,332.7,1765,
1771,Interest and discount,332.8,1765,
1772,Economics Of Land & Energy,333,1753,"1774,1775,1776,1777,1778,1779,1773"
1774,Ownership and control of land and natural resources by nongovernmental groups,333.2,1772,
1775,Individual (private) ownership and control of land and other natural resources,333.3,1772,
1776,Rental and leasing of land and other natural resources,333.5,1772,
1777,Natural resources and energy,333.7,1772,
1778,Subsurface resources,333.8,1772,
1779,Other natural resources,333.9,1772,
1780,Cooperatives,334,1753,
1781,Socialism & related systems,335,1753,
1782,Public Finance,336,1753,"1783,1784,1785"
1783,Nontax revenues,336.1,1782,
1784,Taxes and taxation,336.2,1782,
1785,"Public borrowing, debt, expenditure",336.3,1782,
1786,International economics,337,1753,
1787,Production,338,1753,"1788,1789,1790,1791,1792,1793,1794,1795,1796"
1788,Agriculture,338.1,1787,
1789,Extraction of minerals,338.2,1787,
1790,Other extractive industries,338.3,1787,
1791,Secondary industries and services,338.4,1787,
1792,General production economics,338.5,1787,
1793,Organization of production,338.6,1787,
1794,Business enterprises and their structure,338.7,1787,
1795,"Combinations, trusts",338.8,1787,
1796,Economic development and growth,338.9,1787,
1797,Macroeconomics & Related Topics,339,1753,"1798,1800,1801,1799"
1798,Distribution of income and wealth,339.2,1797,
1800,"Factors affecting national product, wealth, income",339.4,1797,
1801,Macroeconomic policy,339.5,1797,
1802,Law,340,1673,"1805,1811,1812,1813,1814,1815,1816,1817,1818,2952"
1803,Legal systems,340.5,1802,
1804,Conflict of laws,340.9,1802,
1805,Law Of Nations,341,1802,"1806,1807,1808,1809,1810"
1806,Law regarding relations between states,341.3,1805,
1807,Law regarding jurisdiction and jurisdictional relations of states,341.4,1805,
1808,Law of disputes and conflicts between states,341.5,1805,
1809,Law of war,341.6,1805,
1810,Law of international cooperation,341.7,1805,
1811,Constitutional & administrative law,342,1802,
1812,"Military, tax, trade & industrial law",343,1802,
1813,"Labor, social, education & cultural law",344,1802,
1814,Criminal law,345,1802,
1815,Private law,346,1802,
1816,Civil procedure & courts,347,1802,
1817,"Laws, regulations & cases",348,1802,
1818,Law of specific jurisdictions & areas,349,1802,
1819,Public Administration & Military Science,350,1673,"1820,1827,1837,1838,1847,1848,1849,1852,1836,2953"
1821,Civil service examinations,351.3,1820,
1822,Government work force,351.4,1820,
1823,Pensions,351.5,1820,
1825,Administration of specific fields,351.8,1820,
1826,Malfunctioning of administration,351.9,1820,
1827,General Considerations Of Public Administration,352,1819,"1828,1829,1830,1831,1832,1833,1834,1835"
1828,Property and financial management and related topics,352.1,1827,
1829,Police,352.2,1827,
1830,Fire and accident protection,352.3,1827,
1831,Safeguarding public health,352.4,1827,
1832,Regulation and control of public buildings,352.5,1827,
1833,Environmental sanitation and related activities,352.6,1827,
1834,Housing and public works,352.7,1827,
1835,Miscellaneous fields,352.9,1827,
1837,Administration of economy & environment,354,1819,
1838,Military Science,355,1819,"1839,1840,1841,1842,1843,1844,1846,1845"
1839,Military life and customs,355.1,1838,
1840,Military resources,355.2,1838,
1841,Organization and personnel of military forces,355.3,1838,
1842,Military operations,355.4,1838,
1843,Military training,355.5,1838,
1844,Military administration,355.6,1838,
1846,Military equipment and supplies (matériel),355.8,1838,
1847,Infantry forces & warfare,356,1819,
1848,Mounted forces & warfare,357,1819,
1849,Air & Other Specialized Forces,358,1819,"1850,1851"
1850,Guided missile forces and warfare,358.1,1849,
1851,Air forces and warfare,358.4,1849,
1852,Sea Forces & Warfare,359,1819,"1853,1854,1855,1856,1857,1858,1859,1860,1861"
1853,Naval life and customs,359.1,1852,
1854,Naval resources,359.2,1852,
1855,Organization and personnel of naval forces,359.3,1852,
1856,Naval operations,359.4,1852,
1857,Naval training,359.5,1852,
1858,Naval administration,359.6,1852,
1859,Naval installations and reservations,359.7,1852,
1860,Naval equipment and supplies (matériel),359.8,1852,
1861,Specialized combat forces; engineering and related forces,359.9,1852,
1862,Social Problems & Social Services,360,1673,"1864,1872,1876,1886,1893,1894,1895,1896,1863,1897"
1864,Social Problems & Social Welfare In General,361,1862,"1865,1866,1867,1868,1869,1870,1871"
1865,Social problems,361.1,1864,
1866,Social action,361.2,1864,
1867,Social work,361.3,1864,
1868,Group work,361.4,1864,
1869,Governmental action,361.6,1864,
1870,Private action,361.7,1864,
1871,Community action,361.8,1864,
1872,Social Welfare Problems & Services,362,1862,"1873,1874,1875"
1873,Physical illness,362.1,1872,
1874,Mental and emotional illnesses and disturbances,362.2,1872,
1875,Mental retardation,362.3,1872,
1876,Other Social Problems & Services,363,1862,"1877,1878,1879,1880,1881,1882,1883,1884,1885"
1877,Public safety programs,363.1,1876,
1878,Policy services,363.2,1876,
1879,Other aspects of public safety,363.3,1876,
1880,Controversies related to public morals and customs,363.4,1876,
1881,Housing,363.5,1876,
1882,Public utilities and related services,363.6,1876,
1883,Environmental problems and services; ecology; pollution,363.7,1876,
1884,Food supply,363.8,1876,
1885,Population problems,363.9,1876,
1886,Criminology,364,1862,"1887,1888,1889,1890,1891,1892"
1887,Criminal offenses,364.1,1886,
1888,Causes of crime and delinquency,364.2,1886,
1889,Offenders,364.3,1886,
1890,Prevention of crime and delinquency,364.4,1886,
1891,Penology,364.6,1886,
1892,Discharged offenders,364.8,1886,
1893,Penal & related institutions,365,1862,
1894,Associations,366,1862,
1895,General clubs,367,1862,
1896,Insurance,368,1862,
1898,Education,370,1673,"1901,1911,1919,1920,1921,1922,1926,2954"
1899,"Philosophy, theories, general aspects",370.1,1898,
1900,"Education, research, related topics",370.7,1898,
1901,Schools & Their Activities; Special Education,371,1898,"1902,1903,1904,1905,1906,1907,1908,1909,1910"
1902,Teaching and teaching personnel,371.1,1901,
1903,School administration and management,371.2,1901,
1904,Methods of instruction and study,371.3,1901,
1905,Guidance and counseling,371.4,1901,
1906,School discipline,371.5,1901,
1907,Physical plant,371.6,1901,
1908,School health and safety,371.7,1901,
1909,The student,371.8,1901,
1910,Special education,371.9,1901,
1911,Elementary Education,372,1898,"1913,1914,1915,1916,1917,1918,1912"
1913,Levels of elementary education,372.2,1911,
1914,"Technology, science, health",372.3,1911,
1915,Reading,372.4,1911,
1916,Creative and manual arts,372.5,1911,
1917,"Language, literature, theater",372.6,1911,
1918,Mathematics,372.7,1911,
1919,Secondary education,373,1898,
1920,Adult education,374,1898,
1921,Curricula,375,1898,
1922,Higher Education,378,1898,"1923,1924,1925"
1923,Organization and management; curriculums,378.1,1922,
1924,Academic degrees,378.2,1922,
1925,Student finances,378.3,1922,
1926,Public Policy Issues In Education,379,1898,"1927,1928,1929"
1927,"Finance, supervision, control of public education",379.1,1926,
1928,Public education and the state,379.2,1926,
1929,Private education and the state,379.3,1926,
1930,"Commerce, Communications & Transportation",380,1673,"1934,1940,1941,1942,1946,1951,2872,1933,1935,2955"
1931,Commerce,380.1,1930,
1932,Commercial policy,381.3,1931,
2031,Hellenic languages; Classical Greek,480,2030,
1988,Germanic languages; German,430,1987,
1995,Other Germanic languages,439,1987,
1994,Standard German usage,438,1987,
2003,Standard French usage,448,1996,
1997,Romance languages; French,440,1996,
2019,Standard Spanish usage,468,2013,
2022,Italic languages; Latin,470,2021,
2029,Other Italic languages,479,2021,
2032,Classical Greek writing & phonology,481,2030,
2033,Classical Greek etymology,482,2030,
2034,Classical Greek dictionaries,483,2030,
2035,Classical Greek grammar,485,2030,
2004,Occitan & Catalan,449,1996,
2011,Standard Italian usage,458,2005,
2023,Classical Latin writing & phonology,471,2021,
2024,Classical Latin etymology,472,2021,
2026,Classical Latin grammar,475,2021,
2025,Classical Latin dictionaries,473,2021,
2028,Classical Latin usage,478,2021,
1986,Old English (Anglo-Saxon),429,1978,
1985,Standard English usage,428,1978,
1979,English & Old English (Anglo-Saxon),420,1978,
2990,Population,307.2,1706,
1934,Postal communication,383,1930,
1936,Telegraph,384.1,1935,
1937,Computer communication,384.3,1935,
1938,Wireless communication,384.5,1935,
1939,Telephone,384.6,1935,
1940,Railroad transportation,385,1930,
1941,Inland waterway & ferry transportation,386,1930,
1942,"Water, Air & Space Transportation",387,1930,"1943,1944,1945"
1943,Ports,387.1,1942,
1944,Ships,387.2,1942,
1945,Ocean (marine) transportation,387.5,1942,
1946,Transportation; Ground Transportation,388,1930,"1947,1948,1949,1950"
1947,Roads and highways,388.1,1946,
1948,Vehicular transportation,388.3,1946,
1949,Local transportation,388.4,1946,
1950,Pipeline transportation,388.5,1946,
1951,Metrology & standardization,389,1930,
1952,"Customs, Etiquette & Folklore",390,1673,"1953,1955,1956,1959,1960,1965,1954,2956"
1953,Costume & personal appearance,391,1952,
1955,Death customs,393,1952,
1956,General Customs,394,1952,"1957,1958"
1957,"Eating, drinking; using drugs",394.1,1956,
1958,Special occasions,394.2,1956,
1959,Etiquette (manners),395,1952,
1960,Folklore,398,1952,"1961,1962,1963,1964"
1961,Folk literature,398.2,1960,
1962,Riddles,398.6,1960,
1963,Rhymes and rhyming games,398.8,1960,
1964,Proverbs,398.9,1960,
1965,Customs of war & diplomacy,399,1952,
1966,Language,400,,"1969,1978,1987,1996,2013,2021,2030,2039,2929,2005"
1967,Philosophy & theory,401,1966,
1968,Special topics,404,1966,
1969,Linguistics,410,1966,"1970,1971,1972,1973,1974,1976,1977,1975,2957"
1970,Writing systems,411,1969,
1971,Etymology,412,1969,
1972,Dictionaries,413,1969,
1973,Phonology & phonetics,414,1969,
1974,Grammar,415,1969,
1976,Standard usage & applied linguistics,418,1969,
1977,Sign languages,419,1969,
1978,English & Old English Languages,420,1966,"1986,1985,1979,1980,1981,1982,1983,1984"
1980,English writing system & phonology,421,1978,
1981,English etymology,422,1978,
1982,English dictionaries,423,1978,
1983,English grammar,425,1978,
1984,English language variations,427,1978,
1987,German & Related Languages,430,1966,"1988,1995,1994,1990,1991,1992,1993,1989"
1990,German etymology,432,1987,
1991,German dictionaries,433,1987,
1992,German grammar,435,1987,
1993,German language variations,437,1987,
1996,French & Related Languages,440,1966,"2003,1997,2004,1998,1999,2000,2001,2002"
1998,French writing systems & phonology,441,1996,
1999,French etymology,442,1996,
2000,French dictionaries,443,1996,
2001,French grammar,445,1996,
2002,French language variations,447,1996,
2006,Italian writing systems & phonology,451,2005,
2007,Italian etymology,452,2005,
2008,Italian dictionaries,453,2005,
2009,Italian grammar,455,2005,
2010,Italian language variations,457,2005,
2012,Romanian & related languages,459,2005,
2013,Spanish & Portuguese Languages,460,1966,"2019,2014,2015,2016,2017,2018,2020,2959"
2014,Spanish writing systems & phonology,461,2013,
2015,Spanish etymology,462,2013,
2016,Spanish dictionaries,463,2013,
2017,Spanish grammar,465,2013,
2018,Spanish language variations,467,2013,
2020,Portuguese,469,2013,
2021,Latin & Italic Languages,470,1966,"2022,2029,2023,2024,2026,2025,2028,2027"
2030,Classical & Modern Greek Languages,480,1966,"2031,2032,2033,2034,2035,2038,2037,2036"
2038,Other Hellenic languages,489,2030,
2046,Non-Semitic Afro-Asiatic languages,493,2039,
2048,Languages of East & Southeast Asia,495,2039,
2051,South American native languages,498,2039,
2050,North American native languages,497,2039,
2037,Classical Greek usage,488,2030,
2061,Arithmetic,513,2961,"2062,2063"
2991,Personnel management,351.1,1820,
2992,Programming,519.7,2071,
2111,Chemistry,540,2053,"2112,2113,2114,2115,2116,2117,2118,2896"
2039,Other Languages,490,1966,"2046,2048,2051,2050,2040,2044,2049,2052,2960,2047"
2040,East Indo-European & Celtic Languages,491,2039,"2041,2043,2042"
2041,Celtic languages,491.6,2040,
2043,Slavic languages,491.8,2040,
2044,Afro-Asiatic Languages; Semitic Languages,492,2039,2045
2045,Hebrew,492.4,2044,
2049,African languages,496,2039,
2052,Austronesian & other languages,499,2039,
2053,Science,500,,"2111,2076,2097,2158,2172,2873,2119,2146,2188,2931"
2054,Natural sciences and mathemetics,500,2053,
2055,Physical sciences,500.2,2053,
2056,Natural history,508,2053,
2058,Mathematical (symbolic) logic,511.3,2057,
2059,Algebra,512,1918,2060
2060,Foundations of algebra,512.9,2059,
2062,Specific arithmetic operations,513.2,2061,
2063,Numeration systems,513.5,2061,
2064,Topology,514,1918,
2065,Analysis,515,1918,
2066,Geometry,516,1918,"2067,2068,2069"
2067,Euclidean geometry,516.2,2066,
2068,Analytic geometries,516.3,2066,
2069,Non-euclidean geometries,516.9,2066,
2070,Numerical analysis,518,1918,
2071,Probabilities & Applied Mathematics,519,2873,"2072,2073,2074,2075"
2072,Probabilities,519.2,2071,
2073,Game theory,519.3,2071,
2074,Applied numerical analysis,519.4,2071,
2075,Statistical mathematics,519.5,2071,
2076,Astronomy,520,2053,"2078,2079,2080,2090,2091,2094,2095,2096,2077"
2078,Celestial mechanics,521,2076,
2079,"Techniques, equipment & materials",522,2076,
2080,Specific Celestial Bodies & Phenomena,523,2076,"2081,2082,2083,2084,2085,2086,2087,2088,2089"
2081,"The universe; space, galaxies, quasars",523.1,2080,
2082,Solar system,523.2,2080,
2083,Moon,523.3,2080,
2084,Planets,523.4,2080,
2085,"Meteoroids, solar wind, zodiacal light",523.5,2080,
2086,Comets,523.6,2080,
2087,Sun,523.7,2080,
2088,Stars,523.8,2080,
2089,"Satellites and rings; eclipses, transits, occultations",523.9,2080,
2090,Earth (astronomical geography),525,2076,
2091,Mathematical Geography,526,2076,"2092,2093"
2092,Geodetic surveying,526.3,2091,
2093,Surveying,526.9,2091,
2094,Celestial navigation,527,2076,
2095,Ephemerides,528,2076,
2096,Chronology,529,2076,
2097,Physics,530,2053,"2099,2100,2101,2102,2106,2107,2108,2109,2098,2962"
2099,Fluid mechanics; liquid mechanics,532,2097,
2100,Gas mechanics,533,2097,
2101,Sound & related vibrations,534,2097,
2102,Light & Infrared & Ultraviolet Phenomena,535,2097,"2103,2104,2105"
2103,Beams,535.5,2102,
2104,Color,535.6,2102,
2105,Spectroscopy,535.8,2102,
2106,Heat,536,2097,
2107,Electricity & electronics,537,2097,
2108,Magnetism,538,2097,
2109,Modern Physics,539,2097,2110
2110,Atomic and nuclear physics,539.7,2109,
2112,Chemistry & allied sciences,540,2111,
2113,Physical chemistry,541,2111,
2114,Analytical chemistry,543,2111,
2115,Inorganic chemistry,546,2111,
2116,Organic chemistry,547,2111,
2117,Crystallography,548,2111,
2118,Mineralogy,549,2111,
2120,Earth sciences,550,2119,
2121,"Geology, Hydrology & Meteorology",551,2119,"2122,2123,2124,2125,2126,2127,2128,2129,2130"
2122,Gross structure and properties of the earth,551.1,2121,
2123,"Volcanoes, earthquakes, thermal waters and gases",551.2,2121,
2124,Surface and exogenous processes and their agents,551.3,2121,
2125,"Geomorphology and hydrosphere, water",551.4,2121,
2126,Meteorology,551.5,2121,
2127,Climatology and weather,551.6,2121,
2128,Historical geology,551.7,2121,
2129,Structural geology,551.8,2121,
2130,Geochemistry,551.9,2121,
2131,Petrology,552,2119,
2132,Economic Geology,553,2119,"2133,2134,2135,2137,2138,2139,2136"
2133,Carbonaceous materials,553.2,2132,
2134,Iron,553.3,2132,
2135,Metals and semimetals,553.4,2132,
2137,Other economic materials,553.6,2132,
2138,Water,553.7,2132,
2139,Gems,553.8,2132,
2142,Earth sciences of Africa,556,2119,
2141,Earth sciences of Asia,555,2119,
2143,Earth sciences of North America,557,2119,
2144,Earth sciences of South America,558,2119,
2173,Specific Topics In Natural History,581,2172,"2174,2175,2176,2177,2178,2179,2180"
2993,Ecology,581.5,2173,
2145,Earth sciences of other areas,559,2119,
2147,Paleontology; paleozoology,560,2146,
2148,Paleobotany; fossil microorganisms,561,2146,
2149,Fossil invertebrates,562,2146,
2150,Fossil marine & seashore invertebrates,563,2146,
2151,Fossil mollusks & molluscoids,564,2146,
2152,Fossil arthropods,565,2146,
2153,Fossil chordates,566,2146,
2154,Fossil Cold-Blooded Vertebrates; Fossil Fishes,567,2146,2155
2155,Reptiles,567.9,2154,
2156,Fossil birds,568,2146,
2157,Fossil mammals,569,2146,
2158,Life Sciences; Biology,570,2053,"2159,2160,2165,2168,2169,2170,2171,2162,2963"
2159,Physiology & related subjects,571,2158,
2160,Biochemistry,572,2158,2161
2161,Geographic distribution of races,572.9,2160,
2163,Evolution and genetics of humankind,573.2,2162,
2164,Prehistoric humankind,573.3,2162,
2165,Specific Parts Of & Systems In Plants,575,2158,"2166,2167"
2166,Genetics,575.1,2165,
2167,Variation,575.2,2165,
2168,Genetics & evolution,576,2158,
2169,Ecology,577,2158,
2170,Natural history of organisms,578,2158,
2171,"Microorganisms, fungi & algae",579,2158,
2172,Plants (Botany),580,2053,"2173,2181,2182,2183,2184,2185,2186,2187,2964"
2174,Physiology of plants,581.1,2173,
2175,Pathology of plants,581.2,2173,
2176,Development and maturation of plants,581.3,2173,
2177,Anatomy and morphology,581.4,2173,
2178,Economic botany,581.6,2173,
2179,"Tissue, cellular, molecular botany",581.8,2173,
2180,Geographic treatment of plants,581.9,2173,
2181,Plants noted for characteristics & flowers,582,2172,
2182,Dicotyledons,583,2172,
2183,Monocotyledons,584,2172,
2184,Gymnosperms; conifers,585,2172,
2185,Seedless plants,586,2172,
2186,Vascular seedless plants,587,2172,
2187,Bryophytes,588,2172,
2189,Physiology of animals,591.1,2173,
2190,Pathology of animals,591.2,2173,
2191,Development and maturation of animals,591.3,2173,
2192,Economic biology,591.6,2173,
2193,"Tissue, cellular, molecular zoology",591.8,2173,
2194,Invertebrates,592,2188,
2195,Marine & seashore invertebrates,593,2188,
2196,Mollusks & molluscoids,594,2188,
2197,Arthropods,595,2188,"2198,2199,2200,2201,2202"
2198,Worms and related animals,595.1,2197,
2199,Crustaceans and chelicerates,595.3,2197,
2200,Arachnids,595.4,2197,
2201,Progoneata,595.6,2197,
2202,Insects,595.7,2197,
2203,Chordates,596,2188,
2205,Amphibians,597.6,2204,
2206,Apoda (caecilians),597.7,2204,
2207,Anura (salientia),597.8,2204,
2208,Birds,598,2188,"2209,2210,2211,2212,2213,2214,2215,2216"
2209,Ecology and geographic treatment of birds,598.2,2208,
2210,"Charadriiformes, ciconiiformes, gruiformes",598.3,2208,
2211,Anseriformes and other water birds,598.4,2208,
2212,Palaeognathae,598.5,2208,
2213,Galliformes and columbiformes,598.6,2208,
2214,"Coliiformes, cuculiformes, piciformes, psittaciformes, trogoniformes",598.7,2208,
2215,"Perching birds, apodiformes, coraciiformes",598.8,2208,
2216,"Birds of prey, owls, caprimulgiformes",598.9,2208,
2217,Mammals,599,2188,"2218,2219,2220,2221,2222,2223,2224,2225,2226"
2218,Monotremes,599.1,2217,
2219,Marsupials,599.2,2217,
2220,Unguiculata,599.3,2217,
2221,Bats,599.4,2217,
2222,Cetaceans and sirenians,599.5,2217,
2223,Paenungulata,599.6,2217,
2224,"Ungulates, carnivores, aardvarks",599.7,2217,
2225,Primates,599.8,2217,
2226,Humankind and forebears,599.9,2217,
2227,Technology,600,,"2232,2279,2353,2376,2384,2394,2404,2415,2932"
2228,Illustrations,602.2,1454,
2230,Organizations,606,2227,
2231,Inventions & patents,608,2227,
2232,Medicine & Health,610,2227,"2233,2234,2247,2248,2249,2259,2269,2966,2242"
2233,"Human anatomy, cytology & histology",611,2232,
2234,Human Physiology,612,2232,"2235,2236,2237,2238,2239,2241,2240"
2235,Blood and circulation,612.1,2234,
2236,Respiration,612.2,2234,
2237,Digestion,612.3,2234,
2238,"Secretion, excretion, related functions",612.4,2234,
2239,"Reproduction, development, maturation",612.6,2234,
2241,Nervous functions sensory functions,612.8,2234,
2323,Fertilizers and soil conditioners,631.8,2904,
2322,Water conservation,631.7,2904,
2321,"Clearing, drainage, revegetation",631.6,2904,
2320,Cultivation and harvesting,631.5,2904,
2319,Soil science,631.4,2904,
2317,Use of agricultural structures,631.2,2904,
2995,Anatomy and morphology,591.4,2897,
2243,"Dietetics, nutrition",613.2,2242,
2244,Physical fitness,613.7,2242,
2246,Birth control and sex hygiene,613.9,2242,
2247,Incidence & prevention of disease,614,2232,
2248,Pharmacology & therapeutics,615,2232,
2249,Diseases,616,2232,"2250,2251,2252,2254,2255,2256,2257,2258,2253"
2250,Diseases of the cardiovascular system,616.1,2249,
2251,Diseases of the respiratory system,616.2,2249,
2252,Diseases of the digestive system,616.3,2249,
2254,"Diseases of the skin (integument), hair, nails",616.5,2249,
2255,"Diseases of the urogenital system, diseases of the urinary system",616.6,2249,
2256,Diseases of the musculoskeletal system,616.7,2249,
2257,Diseases of the nervous system and mental disorders,616.8,2249,
2258,Other diseases,616.9,2249,
2259,Surgery & Related Medical Specialties,617,2232,"2260,2261,2262,2263,2264,2265,2266,2267,2268"
2260,Wounds and injuries,617.1,2259,
2261,Results of injuries,617.2,2259,
2262,Orthopedics,617.3,2259,
2263,Surgery by systems,617.4,2259,
2264,Regional medicine regional surgery,617.5,2259,
2265,Dentistry,617.6,2259,
2266,Ophthalmology,617.7,2259,
2267,Otology and audiology,617.8,2259,
2268,"Geriatric, pediatric, military, plastic surgery, transplantation of tissue and organs, anesthesiology",617.9,2259,
2269,"Gynecology, Obstetrics, Pediatrics & Geriatrics",618,2232,"2270,2271,2272,2273,2274,2275,2276,2277,2278"
2270,Gynecology,618.1,2269,
2271,Obstetrics,618.2,2269,
2272,Diseases and complications of pregnancy,618.3,2269,
2273,Childbirth labor,618.4,2269,
2274,Complicated labor,618.5,2269,
2275,Normal perperium,618.6,2269,
2276,Puerperal diseases,618.7,2269,
2277,Obstetrical surgery,618.8,2269,
2278,Pediatrics and geriatrics,618.9,2269,
2279,Engineering,620,2227,"2280,2281,2290,2291,2295,2297,2306,2307,2313"
2280,Engineering & allied operations,620,2279,
2281,Applied Physics,621,2279,"2282,2283,2284,2285,2286,2287,2288,2289"
2282,Steam engineering,621.1,2281,
2283,Hydraulic-power technology,621.2,2281,
2284,"Electric, electronic, magnetic, communications, computer engineering; lighting",621.3,2281,
2285,Heat engineering and prime movers,621.4,2281,
2286,"Pneumatic, vacuum, low-temperature technologies",621.5,2281,
2287,"Fans, blowers, pumps",621.6,2281,
2288,Machine engineering,621.8,2281,
2289,Tools and fabricating equipment,621.9,2281,
2290,Mining & related operations,622,2279,
2291,Military & Nautical Engineering,623,2279,"2292,2293,2294"
2292,Ordnance,623.4,2291,
2293,Vehicles,623.7,2291,
2294,Nautical engineering and seamanship,623.8,2291,
2295,Civil Engineering,624,2279,2296
2296,Structural engineering and underground construction,624.1,2295,
2297,Engineering Of Railroads & Roads,625,2279,"2298,2299,2300,2301,2302,2304,2305,2303"
2298,Railroads,625.1,2297,
2299,Railroad rolling stock,625.2,2297,
2300,"Inclined, mountain, ship railroads",625.3,2297,
2301,Rapid transit systems,625.4,2297,
2302,Cable and aerial railways,625.5,2297,
2304,Roads,625.7,2297,
2305,Artificial road surfaces,625.8,2297,
2306,Hydraulic engineering,627,2279,
2307,Sanitary & Municipal Engineering,628,2279,"2308,2309,2310,2311,2312"
2308,Water supply,628.1,2307,
2309,Sewage treatment and disposal,628.3,2307,
2310,"Waste technology, public toilets, street cleaning",628.4,2307,
2311,Pollution and industrial sanitation engineering,628.5,2307,
2312,Other branches of sanitary and municipal engineering,628.9,2307,
2313,Other branches of engineering,629,2279,
2314,Agriculture & related technologies,630,2876,
2315,Philosophy and theory,630.1,2314,
2316,Miscellany and scientific principles,630.2,2314,
2324,"Plant injuries, diseases & pests",632,1788,
2325,Field & Plantation Crops,633,1788,"2326,2327,2328,2329,2330,2331,2332"
2326,Cereal grains (cereals),633.1,2325,
2327,Forage crops,633.2,2325,
2328,"Legumes, other forage crops",633.3,2325,
2329,Fiber crops,633.5,2325,
2330,"Sugar, syrup, starch crops",633.6,2325,
2331,Alkaloidal crops,633.7,2325,
2332,Other crops grown for industrial processing,633.8,2325,
2333,"Orchards, Fruits & Forestry",634,1788,"2334,2335"
2334,Grapes,634.8,2333,
2335,Forestry,634.9,2333,
2336,Garden Crops (Horticulture),635,1788,2337
2997,Ecology,591.5,2897,
2338,Animal Husbandry,636,1788,"2339,2340,2341,2342,2343,2344,2345,2346"
2339,Horses and related animals,636.1,2338,
2340,Ruminants bovines cattle,636.2,2338,
2341,Sheep and goats,636.3,2338,
2342,Swine,636.4,2338,
2343,Poultry chickens,636.5,2338,
2344,Birds other than poultry,636.6,2338,
2345,Dogs,636.7,2338,
2346,Cats,636.8,2338,
2348,Insect culture,638,1788,
2349,"Hunting, Fishing & Conservation",639,1788,"2350,2351,2352"
2350,"Commercial fishing, whaling, sealing",639.2,2349,
2351,Culture of cold-blooded vertebrates,639.3,2349,
2352,Conservation of biological resources,639.9,2349,
2353,Home & Family Management,640,2227,"2354,2363,2364,2365,2366,2367,2372,2373,2374,2967"
2354,Food & Drink,641,2353,"2355,2356,2357,2358,2359,2360,2361,2362"
2355,Applied nutrition,641.1,2354,
2356,Beverages (drinks),641.2,2354,
2357,Food,641.3,2354,
2358,Food preservation and storage,641.4,2354,
2359,"Cooking, recipes",641.5,2354,
2360,Cooking specific materials,641.6,2354,
2361,Specific cooking processes and techniques,641.7,2354,
2362,Cooking specific kinds of composite dishes,641.8,2354,
2363,Meals & table service,642,2353,
2364,Housing & household equipment,643,2353,
2365,Household utilities,644,2353,
2366,Household furnishings,645,2353,
2367,"Sewing, Clothing & Personal Living",646,2353,"2368,2370,2371,2369"
2368,Sewing and related operations,646.2,2367,
2370,Construction of headgear,646.5,2367,
2371,Managemennt of personal and family living; grooming,646.7,2367,
2372,Management of public households,647,2353,
2373,Housekeeping,648,2353,
2374,Child Rearing & Home Care Of Persons,649,2353,2375
2375,Home care of sick and infirm,649.8,2374,
2376,Management & Public Relations,650,2227,"2377,2378,2379,2380,2381,2382,2383"
2377,Management & auxiliary services,650,2376,
2378,Office services,651,2376,
2379,Processes of written communication,652,2376,
2380,Shorthand,653,2376,
2381,Accounting,657,2376,
2382,General management,658,2376,
2383,Advertising & public relations,659,2376,
2384,Chemical Engineering,660,2227,"2385,2387,2388,2389,2390,2391,2392,2393,2968,2386"
2385,Industrial chemicals,661,2384,
2387,Beverage technology,663,2384,
2388,Food technology,664,2384,
2389,"Industrial oils, fats, waxes & gases",665,2384,
2390,Ceramic & allied technologies,666,2384,
2391,"Cleaning, color & coating technologies",667,2384,
2392,Technology of other organic products,668,2384,
2393,Metallurgy,669,2384,
2394,Manufacturing,670,2227,"2395,2396,2397,2398,2399,2400,2401,2402,2403,2969"
2395,Metalworking & primary metal products,671,2394,
2396,"Iron, steel & other iron alloys",672,2394,
2397,Nonferrous metals,673,2394,
2398,"Lumber processing, wood products & cork",674,2394,
2399,Leather & fur processing,675,2394,
2400,Pulp & paper technology,676,2394,
2401,Textiles,677,2394,
2402,Elastomers & elastomer products,678,2394,
2403,Other products of specific materials,679,2394,
2404,Manufacture For Specific Uses,680,2227,"2407,2408,2409,2411,2412,2413,2414,2405,2970"
2406,Instruments for measuring time,681.1,2405,
2407,Small forge work (blacksmithing),682,2404,
2408,Hardware & household appliances,683,2404,
2409,Furnishings & Home Workshops,684,2404,2410
2410,Furniture,684.1,2409,
2411,"Leather, fur goods & related products",685,2404,
2412,Printing & related activities,686,2404,
2413,Clothing & accessories,687,2404,
2414,Other final products & packaging,688,2404,
2415,Building & Construction,690,2227,"2416,2417,2418,2419,2420,2421,2422,2424,2423"
2416,Construction of buildings,690,2415,
2417,Building materials,691,2415,
2418,Auxiliary construction practices,692,2415,
2419,Specific materials & purposes,693,2415,
2420,Wood construction & carpentry,694,2415,
2421,Roof covering,695,2415,
2422,Utilities,696,2415,
2424,Detail finishing,698,2415,
2425,Arts & Recreation,700,,"2426,2435,2518,2511,2446,2456,2527,2536,2600,2479"
2426,Arts,700,2425,"2427,2428,2429,2430,2431,2433,2434,2905,2906"
2427,The arts; fine & decorative arts,700,2426,
2428,Philosophy of fine & decorative arts,701,2426,
2429,Miscellany of fine & decorative arts,702,2426,
2430,Dictionaries of fine & decorative arts,703,2426,
2431,Special Topics In Fine & Decorative Arts,704,2426,2432
2432,Iconography,704.9,2431,
2433,Serial publications of fine & decorative arts,705,2426,
2434,"Galleries, museums & private collections",708,2426,
2435,Landscaping & Area Planning,710,2425,"2437,2438,2440,2441,2442,2443,2444,2445,2436,2439"
2461,"Greek, Etruscan & Roman sculpture",733,2456,
2518,Graphic Arts; Printmaking & Prints,760,2425,"2520,2521,2522,2523,2524,2525,2526,2519"
2998,Reptiles,597.9,2204,
2511,Painting,750,2425,"2512,2513,2514,2515,2516,2517,2907,2908"
2437,Area planning,711,2435,
2438,Landscape architecture,712,2435,
2440,Water features,714,2435,
2441,Woody plants,715,2435,
2442,Herbaceous plants,716,2435,
2443,Structures in landscape architecture,717,2435,
2444,Landscape design of cemeteries,718,2435,
2445,Natural landscapes,719,2435,
2446,Architecture,720,2425,"2447,2448,2449,2450,2451,2452,2453,2454,2455,2971"
2447,Architectural structure,721,2446,
2448,Architecture to ca. 300,722,2446,
2449,Architecture from ca. 300 to 1399,723,2446,
2450,Architecture from 1400,724,2446,
2451,Public structures,725,2446,
2452,Buildings for religious purposes,726,2446,
2453,Buildings for education & research,727,2446,
2454,Residential & related buildings,728,2446,
2455,Design & decoration,729,2446,
2456,"Sculpture, Ceramics & Metalwork",730,2425,"2461,2457,2459,2460,2462,2463,2464,2465,2467,2474"
2457,Plastic arts; sculpture,730,2456,
2459,"Processes, forms & subjects of sculpture",731,2456,
2460,Sculpture to ca. 500,732,2456,
2462,Sculpture from ca. 500 to 1399,734,2456,
2463,Sculpture from 1400,735,2456,
2464,Carving & carvings,736,2456,
2465,Numismatics & Sigillography,737,2456,2466
2466,Coins,737.4,2465,
2467,Ceramic Arts,738,2456,"2468,2469,2470,2471,2472,2473"
2468,"Techniques, procedures, apparatus, equipment, materials",738.1,2467,
2469,Porcelain,738.2,2467,
2470,Earthenware and stoneware,738.3,2467,
2471,Enameling and enamels,738.4,2467,
2472,Mosaics,738.5,2467,
2473,Ornamental bricks and tiles,738.6,2467,
2474,Art Metalwork,739,2456,"2475,2476,2477,2478"
2475,Work in precious metals,739.2,2474,
2476,Ironwork,739.4,2474,
2477,Work in other metals,739.5,2474,
2478,Arms and armour,739.7,2474,
2480,Drawing & Drawings,741,2479,"2468,2481,2482,2483"
2481,"Cartoons, caricatures, comics",741.5,2480,
2482,"Graphic design, illustration and commercial art",741.6,2480,
2483,Silhouettes,741.7,2480,
2484,Perspective,742,2479,
2485,Drawing & drawings by subject,743,2479,
2486,Decorative Arts,745,2479,"2487,2488,2489,2490,2491,2492,2493,2494"
2487,Antiques,745.1,2486,
2488,Industrial art and design,745.2,2486,
2489,Pure and applied design and decoration,745.4,2486,
2490,Handicrafts,745.5,2486,
2491,"Calligraphy, illumination, heraldic design",745.6,2486,
2492,Decorative coloring,745.7,2486,
2493,"Panoramas, cycloramas, dioramas",745.8,2486,
2494,Other decorative arts,745.9,2486,
2495,Textile Arts,746,2479,"2496,2497,2499,2500,2501,2502,2503,2498"
2496,Yarn preparation and weaving,746.1,2495,
2497,Laces and related fabrics,746.2,2495,
2499,Needle- and handwork,746.4,2495,
2500,Bead embroidery,746.5,2495,
2501,"Printing, painting, dyeing",746.6,2495,
2502,Rugs and carpets,746.7,2495,
2503,Other textile products,746.9,2495,
2504,Interior Decoration,747,2479,2505
2505,Decoration of specific rooms of residential buildings,747.7,2504,
2506,Glass,748,2479,"2507,2508,2509"
2507,Glassware,748.2,2506,
2508,"Stained, painted, leaded, mosaic glass",748.5,2506,
2509,Methods of decoration,748.6,2506,
2510,Furniture & accessories,749,2479,
2512,Painting & paintings,750,2511,
2513,"Techniques, equipment, materials & forms",751,2511,
2514,"Symbolism, allegory, mythology & legend",753,2511,
2515,Genre paintings,754,2511,
2516,Human figures,757,2511,
2517,Other subjects,758,2511,
2520,Relief processes (block printing),761,2518,
2521,Lithographic processes,763,2518,
2522,Chromolithography & serigraphy,764,2518,
2523,Metal engraving,765,2518,
2524,"Mezzotinting, aquatinting & related processes",766,2518,
2525,Etching & drypoint,767,2518,
2526,Prints,769,2518,
2527,"Photography, computer art, cinematography, videography",770,2528,
2528,"Photography, Computer Art, Film, Video",770,2425,"2527,2529,2530,2531,2532,2533,2535,2534"
2529,Metallic salt processes,772,2527,
2530,Pigment processes of printing,773,2527,
2531,Holography,774,2527,
2532,Digital photography,775,2527,
2533,Computer art (digital art),776,2527,
2535,Photographs,779,2527,
2536,Music,780,2425,"2537,2546,2556,2573,2574,2583,2591,2973,2563"
2537,General Principles & Musical Forms,781,2536,"2539,2540,2541,2542,2543,2544,2545,2538"
2999,Special topics,613.6,2242,
2539,Elements of music,781.2,2537,
2540,Composition,781.3,2537,
2541,Techniques of music,781.4,2537,
2542,Kinds of music,781.5,2537,
2543,Traditions of music,781.6,2537,
2544,Sacred music,781.7,2537,
2545,Musical forms,781.8,2537,
2546,Vocal Music,782,2536,"2548,2549,2550,2551,2552,2553,2554,2555,2547"
2548,Nondramatic vocal forms,782.2,2546,
2549,Services (liturgy and ritual),782.3,2546,
2550,Secular forms,782.4,2546,
2551,Mixed voices,782.5,2546,
2552,Women's voices,782.6,2546,
2553,Children's voices,782.7,2546,
2554,Men's voices,782.8,2546,
2555,Other types of voices,782.9,2546,
2556,Music For Single Voices; The Voice,783,2536,"2552,2553,2554,2557,2558,2559,2560,2561,2562"
2557,Single voices in combination,783.1,2556,
2558,Solo voice,783.2,2556,
2559,High voice,783.3,2556,
2560,Middle voice,783.4,2556,
2561,Low voice,783.5,2556,
2562,Other types of voice,783.9,2556,
2564,"General principles, musical forms, instruments",784.1,2563,
2565,Full (symphony) orchestra,784.2,2563,
2566,Chamber orchestra,784.3,2563,
2567,Light orchestra,784.4,2563,
2568,Pop music,784.5,2563,
2569,"Keyboard, mechanical, electronic, percussion bands",784.6,2563,
2570,String orchestra,784.7,2563,
2571,Wind band,784.8,2563,
2572,Brass band,784.9,2563,
2573,Ensembles with one instrument per part,785,2536,
2574,Keyboard & Other Instruments,786,2536,"2575,2576,2577,2578,2579,2580,2581,2582"
2575,Piano,786.2,2574,
2576,Clavichord,786.3,2574,
2577,Harpsichord,786.4,2574,
2578,Keyboard wind instruments organ,786.5,2574,
2579,Mechanical and aeolian instruments,786.6,2574,
2580,Electrophones electronic instruments,786.7,2574,
2581,Percussion instruments,786.8,2574,
2582,Drums and devices used for percussion effects,786.9,2574,
2583,Stringed Instruments,787,2536,"2584,2585,2586,2587,2589,2590,2588"
2584,Violin,787.2,2583,
2585,Viola,787.3,2583,
2586,Cello,787.4,2583,
2587,Double bass,787.5,2583,
2589,"Plectral instruments, guitar",787.7,2583,
2590,Harp and musical bow,787.9,2583,
2591,Wind Instruments,788,2536,"2592,2593,2594,2595,2596,2597,2598,2599"
2592,Woodwind instruments and free aerophones,788.2,2591,
2593,Flute family,788.3,2591,
2594,Reed instruments,788.4,2591,
2595,Double-reed instruments,788.5,2591,
2596,Single-reed instruments,788.6,2591,
2597,Saxophone,788.7,2591,
2598,Free reeds,788.8,2591,
2599,Brass instruments (lip-reed instruments),788.9,2591,
2600,"Sports, Games & Entertainment",790,2425,"2601,2604,2610,2619,2627,2638,2647,2651,2654,2633"
2601,Recreational & performing arts,790,2600,
2602,Recreational activities,790.1,2601,
2604,Public Performances,791,2600,"2605,2606,2607,2608,2609"
2605,Circuses,791.3,2604,
2606,"Motion pictures, radio, television",791.4,2604,
2607,Puppetry and toy theaters,791.5,2604,
2608,Pageantry,791.6,2604,
2609,Animal performances,791.8,2604,
2610,Stage Presentations,792,2600,"2611,2612,2613,2614,2615,2616,2617,2618"
2611,Tragedy and serious drama,792.1,2610,
2612,Comedy and melodrama,792.2,2610,
2613,Pantomime,792.3,2610,
2614,Opera,792.5,2610,
2615,Musical plays,792.6,2610,
2616,Variety shows,792.7,2610,
2617,Ballet and modern dance,792.8,2610,
2618,Stage productions,792.9,2610,
2619,Indoor Games & Amusements,793,2600,"2620,2621,2622,2623,2624,2625,2626"
2620,Parties and entertainment,793.2,2619,
2621,"Social, folk, national dancing",793.3,2619,
2622,Games of action,793.4,2619,
2623,Forfeit and trick games,793.5,2619,
2624,Games not characterized by action,793.7,2619,
2625,Magic and related activities,793.8,2619,
2626,Other indoor diversions,793.9,2619,
2627,Indoor Games Of Skill,794,2600,"2628,2629,2630,2631,2632"
2628,Chess,794.1,2627,
2629,Checkers (draughts),794.2,2627,
2630,Darts,794.3,2627,
2631,Bowling,794.6,2627,
2632,Ball games,794.7,2627,
2634,Games with dice,795.1,2633,
2635,Wheel and top games,795.2,2633,
2636,Games dependent on drawing numbers or counters,795.3,2633,
2637,Card games,795.4,2633,
2638,Athletic & Outdoor Sports & Games,796,2600,"2632,2639,2640,2641,2644,2645,2646,2642,2643"
2639,Miscellaneous games,796.1,2638,
2640,Activities and games requiring equipment,796.2,2638,
2641,"Weight lifting, track and field, gymnastics",796.4,2638,
2704,Other Germanic literatures,839,2694,
2706,French literature & literatures of related Romance languages,840,2705,
2677,American poetry in English,811,2676,
2678,American drama in English,812,2676,
2679,American fiction in English,813,2676,
2680,American essays in English,814,2676,
2681,American speeches in English,815,2676,
2683,American humor & satire in English,817,2676,
3000,"Techniques, procedures, apparatus, equipment, materials",741.2,2480,
2644,Driving motor vehicles,796.7,2638,
2645,Combat sports,796.8,2638,
2646,Ice and snow sports,796.9,2638,
2647,Aquatic & Air Sports,797,2600,"2648,2649,2650"
2648,Boating,797.1,2647,
2649,Swimming and diving,797.2,2647,
2650,Other aquatic sports,797.3,2647,
2651,Equestrian Sports & Animal Racing,798,2600,"2652,2653"
2652,Horsemanship,798.2,2651,
2653,Horse racing; flat racing,798.4,2651,
2654,"Fishing, Hunting & Shooting",799,2600,"2655,2656"
2655,Fishing,799.1,2654,
2656,Hunting,799.2,2654,
2657,Literature,800,,"2676,2685,2694,2705,2716,2726,2736,2758,2747,2658"
2659,Literature & Rhetoric,800,2654,"2676,2685,2694,2705,2716,2726,2736,2758,2747,2658"
2660,Rhetoric & Collections Of Literature,808,2658,"2661,2662,2663,2664,2665,2666,2667"
2661,Rhetoric of poetry,808.1,2660,
2662,Rhetoric of drama,808.2,2660,
2663,Rhetoric of fiction,808.3,2660,
2664,Rhetoric of essays,808.4,2660,
2665,Rhetoric of speech,808.5,2660,
2666,Rhetoric of letters,808.6,2660,
2667,Rhetoric of satire and humor,808.7,2660,
2668,"History, Description & Criticism",809,2658,"2669,2670,2671,2672,2673,2674,2675"
2669,Literary history and criticism of poetry,809.1,2668,
2670,Literary history and criticism of drama,809.2,2668,
2671,Literary history and criticism of fiction,809.3,2668,
2672,Literary history and criticism of essays,809.4,2668,
2673,Literary history and criticism of speech,809.5,2668,
2674,Literary history and criticism of letters,809.6,2668,
2675,Literary history and criticism of satire and humor,809.7,2668,
2676,American Literature In English,810,2657,"2677,2678,2679,2680,2681,2683,2684,2974,2682"
2684,American miscellaneous writings,818,2676,
2685,English & Old English Literatures,820,2657,"2686,2687,2688,2689,2690,2691,2692,2693,2975"
2686,English poetry,821,2685,
2687,English drama,822,2685,
2688,English fiction,823,2685,
2689,English essays,824,2685,
2690,English speeches,825,2685,
2691,English letters,826,2685,
2692,English humor & satire,827,2685,
2693,English miscellaneous writings,828,2685,
2694,German & Related Literatures,830,2657,"2704,2696,2697,2698,2699,2700,2701,2702,2703,2695"
2696,German poetry,831,2694,
2697,German drama,832,2694,
2698,German fiction,833,2694,
2699,German essays,834,2694,
2700,German speeches,835,2694,
2701,German letters,836,2694,
2702,German humor & satire,837,2694,
2703,German miscellaneous writings,838,2694,
2705,French & Related Literatures,840,2657,"2706,2707,2708,2709,2710,2711,2712,2713,2714,2715"
2707,French poetry,841,2705,
2708,French drama,842,2705,
2709,French fiction,843,2705,
2710,French essays,844,2705,
2711,French speeches,845,2705,
2712,French letters,846,2705,
2713,French humor & satire,847,2705,
2714,French miscellaneous writings,848,2705,
2715,Occitan & catalan literatures,849,2705,
2716,"Italian, Romanian & Related Literatures",850,2657,"2717,2718,2719,2720,2721,2722,2724,2725,2723,2976"
2717,Italian poetry,851,2716,
2718,Italian drama,852,2716,
2719,Italian fiction,853,2716,
2720,Italian essays,854,2716,
2721,Italian speeches,855,2716,
2722,Italian letters,856,2716,
2724,Italian miscellaneous writings,858,2716,
2725,Romanian & related literatures,859,2716,
2726,Spanish & Portuguese Literatures,860,2657,"2727,2728,2729,2730,2731,2732,2733,2734,2735,2977"
2727,Spanish poetry,861,2726,
2728,Spanish drama,862,2726,
2729,Spanish fiction,863,2726,
2730,Spanish essays,864,2726,
2731,Spanish speeches,865,2726,
2732,Spanish letters,866,2726,
2733,Spanish humor & satire,867,2726,
2734,Spanish miscellaneous writings,868,2726,
2735,Portuguese literature,869,2726,
2736,Latin & Italic Literatures,870,2657,"2738,2739,2740,2741,2742,2743,2744,2746,2745,2737"
2738,Latin poetry,871,2736,
2739,Latin dramatic poetry & drama,872,2736,
2740,Latin epic poetry & fiction,873,2736,
2741,Latin lyric poetry,874,2736,
2742,Latin speeches,875,2736,
2743,Latin letters,876,2736,
2744,Latin humor & satire,877,2736,
2845,Middle America; Mexico,972,2843,
2746,Literatures of other Italic languages,879,2736,
2760,East Indo-European & Celtic literatures,891,2758,
2785,Other Europe,915.9,2781,
2819,Eastern Europe; Russia,947,2810,
2821,Other parts of Europe,949,2810,
2806,Europe north & west of Italy to ca. 499,936,2798,
2786,Geography of & travel in Africa,916,2772,
2837,Northwest African coast & offshore islands,964,2833,
2839,West Africa & offshore islands,966,2833,
2840,Central Africa & offshore islands,967,2833,
2841,Southern Africa; Republic of South Africa,968,2833,
2761,Afro-Asiatic literatures; Semitic literatures,892,2758,
2762,Non-Semitic Afro-Asiatic literatures,893,2758,
2763,Literatures of east & southeast Asia,895,2758,
2823,History of Asia,950,2822,
2827,South Asia; India,954,2822,
2830,Siberia (Asiatic Russia),957,2822,
2831,Central Asia,958,2822,
2832,Southeast Asia,959,2822,
2788,Geography of & travel in South America,918,2772,
2765,North American native literatures,897,2758,
2766,South American native literatures,898,2758,
2787,Geography of & travel in North America,917,2772,
2836,Ethiopia & Eritrea,963,2833,
2835,Egypt & Sudan,962,2833,
2834,Tunisia & Libya,961,2833,
2814,England & Wales,942,2810,
2829,Middle east (Near East),956,2822,
2805,Mesopotamia & Iranian plateau to 637,935,2798,
2757,Modern Greek literature,889,2747,
2756,Classical Greek miscellaneous writings,888,2747,
2755,Classical Greek humor & satire,887,2747,
2754,Classical Greek letters,886,2747,
2753,Classical Greek speeches,885,2747,
2749,Classical Greek poetry,881,2747,
2752,Classical Greek lyric poetry,884,2747,
2751,Classical Greek epic poetry & fiction,883,2747,
2750,Classical Greek dramatic poetry & drama,882,2747,
2816,France & Monaco,944,2810,
3001,Philosophy and theory,750.1,2512,
2758,Other Literatures,890,2657,"2760,2761,2762,2763,2765,2766,2759,2764,2767,2917"
2747,Classical & Modern Greek Literatures,880,2657,"2757,2756,2755,2754,2753,2749,2752,2751,2750,2748"
2759,Literatures of other specific languages and language families,890,2758,
2764,African literatures,896,2758,
2767,Austronesian & other literatures,899,2758,
2768,History & Geography,900,,"2769,2772,2790,2798,2810,2822,2833,2843,2853,2863"
2769,History,900,2768,"2770,2771,2918,2919,2920,2921,2922,2923,2934"
2770,Collected accounts of events,904,2769,
2771,World history,909,2769,
2772,Geography & Travel,910,2768,"2786,2788,2787,2773,2774,2775,2776,2789,2979,2781"
2773,Historical geography,911,2772,
2774,"Atlases, maps, charts & plans",912,2772,
2775,Geography of & travel in ancient world,913,2772,
2776,Geography Of & Travel In Europe,914,2772,"2777,2778,2779,2780"
2777,Britain,914.2,2776,
2778,Germany,914.3,2776,
2779,France,914.4,2776,
2780,Italy,914.5,2776,
2782,Spain,915.6,2781,
2783,Russia,915.7,2781,
2784,Greece,915.8,2781,
2789,Geography of & travel in other areas,919,2772,
2790,Biography & Genealogy,920,2768,"2791,2792"
2791,"Biography, genealogy & insignia",920,2790,
2792,"Genealogy, Names & Insignia",929,2790,"2793,2794,2796,2797,2795"
2793,Personal names,929.4,2792,
2794,Heraldry,929.6,2792,
2796,"Awards, orders, decorations, armorial bearings, autographs",929.8,2792,
2797,Forms of insignia and identification,929.9,2792,
2798,History Of Ancient World (To Ca. 499),930,2768,"2806,2805,2799,2801,2802,2803,2804,2807,2808,2809"
2799,History of ancient world to ca. 499,930,2798,
2800,Archaeology,930.1,2799,
2801,China to 420,931,2798,
2802,Egypt to 640,932,2798,
2803,Palestine to 70,933,2798,
2804,India to 647,934,2798,
2807,Italy & adjacent territories to 476,937,2798,
2808,Greece to 323,938,2798,
2809,Other parts of ancient world to ca. 640,939,2798,
2810,History Of Europe,940,2768,"2819,2821,2814,2816,2813,2817,2818,2820,2980,2815"
2811,Early history to 1453,940.1,2810,
2812,1453-,940.2,2810,
2813,British isles,941,2810,
2817,Italian peninsula & adjacent islands,945,2810,
2818,Iberian peninsula & adjacent islands,946,2810,
2820,Scandinavia,948,2810,
2822,History Of Asia,950,2768,"2823,2827,2830,2831,2832,2829,2824,2825,2828,2826"
2824,China & adjacent areas,951,2822,
2825,Japan,952,2822,
2828,Iran,955,2822,
2833,History Of Africa,960,2768,"2842,2837,2839,2840,2841,2836,2835,2834,2838,2981"
2838,Algeria,965,2833,
2843,History Of North America,970,2768,"2845,2844,2852,2851,2850,2849,2848,2846,2982,2847"
2844,Canada,971,2843,
2916,Old English (Anglo-Saxon),829,2975,
2880,"In Italian, Romanian & related languages",085,1431,
2879,In Iberian peninsula & adjacent islands,076,1422,
2878,"In Italian, Romanian & related languages",055,1401,
2869,Arctic islands & Antarctica,998,2863,
2868,Atlantic Ocean islands,997,2863,
2867,Other parts of Pacific; Polynesia,996,2863,
2862,Paraguay & Uruguay,989,2853,
2859,Colombia & Ecuador,986,2853,
2852,Great basin & Pacific slope region,979,2843,
2851,Western United States,978,2843,
2850,North central United States,977,2843,
2849,South central United States,976,2843,
2848,Southeastern United States,975,2843,
2846,United States,973,2843,
2864,New Zealand,993,2863,
2904,"Techniques, equipment & materials",631,,"2323,2322,2321,2320,2319,2317,2318"
2897,Zoology,591,2188,"2189,2190,2191,2192,2193,2995"
3002,Women's voices,783.6,2556,
2853,History Of South America,980,2768,"2862,2859,2854,2855,2856,2857,2858,2860,2861,2983"
2854,Brazil,981,2853,
2855,Argentina,982,2853,
2856,Chile,983,2853,
2857,Bolivia,984,2853,
2858,Peru,985,2853,
2860,Venezuela,987,2853,
2861,Guiana,988,2853,
2863,History Of Other Areas,990,2768,"2869,2868,2867,2864,2865,2870,2984,2866"
2865,Australia,994,2863,
2870,Extraterrestrial worlds,999,2863,
2871,Ball games,796.3,2638,
2872,Internal Commerce (Domestic Trade),381,1930,1932
2873,Mathematics,510,2053,"2061,2059,2064,2065,2066,2070,2071,2057,2961"
2876,Agriculture,630,2932,"2314,2324,2325,2333,2336,2338,2348,2349,2904,2347"
2877,Bibliographies,011,,
2881,Epistemology,121,,
2882,Humankind,218,,
2883,Humankind,233,,
2884,International commerce (foreign trade),382,,
2885,Miscellany,402,,
2886,Dictionaries & encyclopedias,403,,
2887,Serial publications,405,,
2888,Organizations & management,406,,
2889,"Education, research & related topics",407,,
2890,Philosophy & theory,501,,
2891,Miscellany,502,,
2892,Dictionaries & encyclopedias,503,,
2893,Serial publications,505,,
2894,Organizations & management,506,,
2896,"Techniques, equipment & materials",542,,
2898,Philosophy & theory,601,,
2899,Miscellany,602,,
2900,Dictionaries & encyclopedias,603,,
2901,Special topics,604,,
2902,Serial publications,605,,
2903,"Education, research & related topics",607,,
2905,Organizations & management,706,,
2906,"Education, research & related topics",707,,
2907,Color,752,,
2908,Religion,755,,
2909,"Techniques, equipment & materials",771,,
2910,Philosophy & theory,801,,
2911,Miscellany,802,,
2912,Dictionaries & encyclopedias,803,,
2913,Serial publications,805,,
2914,Organizations & management,806,,
2915,"Education, research & related topics",807,,
2918,Philosophy & theory,901,,
2919,Miscellany,902,,
2920,Dictionaries & encyclopedias,903,,
2921,Serial publications,905,,
2922,Organizations & management,906,,
2923,"Education, research & related topics",907,,
2924,"Computer science, information & general works",000,1346,
2925,Philosophy & psychology,100,1452,
2926,Religion,200,1565,"1567,1568,1569,1570,1571,1572,1573,1574,2927,1566"
2927,Religion,200,1565,
2928,Social sciences,300,1674,
2929,Language,400,1966,"1967,1968,2885,2886,2887,2888,2889,2930"
2930,Language,400,1966,
2932,Technology,600,2227,"2230,2231,2898,2899,2900,2901,2902,2903,2933"
2933,Technology (applied sciences),600,2227,
2935,Bibliographies,011,1373,
2936,Library & information sciences,020,1382,
2937,"News media, journalism, and publishing",070,1422,
2938,Manuscripts and rare books,090,1441,
2939,Metaphysics,110,1459,
2940,Epistemology (theory of knowledge),121,1468,
2941,Parapsychology & occultism,130,1477,
2942,Psychology,150,1502,
2943,Philosophical logic,160,1527,
2945,"Ancient, medieval, eastern philosophy",180,1545,
2946,Modern western & other noneastern philosophy,190,1555,
2947,Philosophy & theory of religion,210,1575,
2948,Christianity,230,1608,
2949,Other religions,290,1665,
2984,"History of Australasia, Pacific Ocean islands, Atlantic Ocean islands, Arctic islands, Antarctica, extraterrestrial worlds",990,2863,
2983,History of South America,980,2853,
2982,History of North America,970,2843,
2981,History of Africa,960,2833,
2977,"Literatures of Spanish, Portuguese, Galician languages",860,2726,
2975,English & Old English (Anglo-Saxon) literatures,820,2685,
2974,American literature in English,810,2676,
2959,"Spanish, Portuguese, Galician",460,2013,
2958,"Italian, Dalmatian, Romanian, Rhaetian, Sardinian, Corsican",450,2005,
1436,"Collections in French, Occitan & Catalan",084,1431,
1415,Organizations in central Europe; in Germany,063,1411,
2042,East Slavic languages; Russian,491.7,2040,
2140,Earth sciences of Europe,554,2119,
2036,Preclassical & postclassical Greek,487,2030,
1645,"History, geographic treatment, biography of Christianity",270,1644,
1345,"Computer Science, Information & General Works",000,,"1346,1373,1382,1390,1401,1411,1422,1431,1441"
1355,Data Processing & Computer Science,004,1346,"1356,1357,1358,1359"
1374,Bibliography,010,1373,
1387,Libraries for specific subjects,026,1382,
1402,General serial publications,050,1401,
1440,Collections in other languages,089,1431,
1449,"Prohibited works, forgeries & hoaxes",098,1441,
1469,"Epistemology, causation & humankind",120,1468,
1491,Philosophical Schools Of Thought,140,1451,"1492,1493,1494,1495,1496,1497,1498,1499,1500,1501"
1505,"Movements and motor functions, facial expressions, laterality",152.3,1503,
1536,Ethical systems,171,1535,
1544,Other ethical norms,179,1535,
1545,"Ancient, Medieval & Eastern Philosophy",180,1451,"1547,1551,1546,1548,1549,1550,1552,1553,1554,2945"
1566,Religious mythology & social theology,201,1565,
1583,Origins and authenticity,220.1,1582,
1590,"Geography, history, chronology, persons of bible lands in bible times",220.9,1582,
1623,"Christian experience, practice & life",248,1616,
1637,"Days, times & places of observance",263,1633,
1674,"Social Sciences, Sociology & Anthropology",300,1673,"1676,1675,1680,1684,1689,1698,1706,2928"
1703,Institutions pertaining to relations of the sexes,306.7,1698,
1721,Structure and functions of government,320.4,2950,
1733,"Civil rights of non-dominant aggregates, political rights of non-dominant aggregates",323.1,1732,
1742,Election systems and procedures; suffrage,324.6,1738,
1744,Historical and geographic treatment of elections,324.9,1738,
1773,Public ownership and control of land and other natural resources,333.1,1772,
1799,"National product, wealth, income accounts and accounting",339.3,1797,
1824,Civil service system (merit system),351.6,1820,
1836,Specific fields of public administration,353,1819,
1845,Military installations and reservations,355.7,1838,
1863,Social problems & services; associations,360,1862,
1897,Miscellaneous kinds of associations,369,1862,
1912,Organization and management of elementary schools; curriculums,372.1,1911,
1933,International commerce,382,1930,
1935,Communications; Telecommunication,384,1930,"1936,1937,1938,1939"
1954,Customs of life cycle & domestic life,392,1952,
1975,Dialectology & historical linguistics,417,1969,
1989,German writing systems & phonology,431,1987,
2005,"Italian, Romanian & Related Languages",450,1966,"2011,2006,2007,2008,2009,2010,2012,2958"
2027,"Old, postclassical & vulgar latin",477,2021,
2057,General Principles Of Mathematics,511,2961,2058
2077,Astronomy & allied sciences,520,2076,
2098,Classical mechanics; solid mechanics,531,2097,
2119,Earth Sciences & Geology,550,2053,"2120,2121,2131,2132,2142,2141,2143,2144,2145,2140"
2136,Structural and sculptural stone,553.5,2132,
2146,Fossils & Prehistoric Life,560,2053,"2147,2148,2149,2150,2151,2152,2153,2154,2156,2157"
2162,Specific Physiological Systems In Animals,573,2158,"2163,2164"
2188,Animals (Zoology),590,2053,"2194,2195,2196,2197,2203,2208,2217,2965,2204"
2951,Economics,330,1753,
2952,Law,340,1802,
2954,Education,370,1898,
2955,"Commerce, communications & transportation",380,1930,
2956,"Customs, etiquette, folklore",390,1952,
2957,Linguistics,410,1969,
2960,Other languages,490,2039,
2961,Mathematics,510,2873,
2962,Physics,530,2097,
2963,Biology,570,2158,
2964,Plants,580,2172,
2965,Animals,590,2188,
2967,Home & family management,640,2353,
2968,Chemical engineering & related technologies,660,2384,
2969,Manufacturing,670,2394,
2971,Architecture,720,2446,
2972,Graphic arts,740,2479,
2973,Music,780,2536,
2979,Geography & travel,910,2772,
2980,History Of Europe,940,2810,"2811,2812"
1656,Denominations and sects of Christian church,280,1655,
3003,Children's voices,783.7,2556,
3004,Men's voices,783.8,2556,
2204,Cold-Blooded Vertebrates; Fishes,597,2188,"2155,2205,2206,2207"
2229,Technical drawing,604.2,1968,
2240,"Motor functions and skin (integument), hair, nails",612.7,2234,
2245,"Substance abuse (drug abuse), smoking",613.8,2242,
2253,"Diseases of the blood-forming, lymphatic, glandular systems; diseases of the endocrine system",616.4,2249,
2303,Surface rail and trolley systems,625.6,2297,
2337,Flowers and ornamental plants,635.9,2336,
2347,Processing dairy & related products,637,1788,
2369,Clothing and accessories construction,646.4,2367,
2386,"Explosives, fuels & related products",662,2384,
2405,Precision Instruments & Other Devices,681,2404,2406
2423,"Heating, ventilating & air-conditioning",697,2415,
2436,Civic & landscape art,710,2435,
2439,Landscape architecture of trafficways,713,2435,
2458,Philosophy and theory of sculpture,730.1,2457,
2479,Drawing & Decorative Arts,740,2425,"2480,2484,2485,2486,2495,2504,2506,2510,2972"
2498,"Pictures, hangings, tapestries",746.3,2495,
2519,Printmaking & prints,760,2518,
2534,Fields & kinds of photography,778,2527,
2538,"Aesthetics, appreciation, taste",781.1,2537,
2547,Dramatic vocal forms operas,782.1,2546,
2563,Instruments & Instrumental Ensembles,784,2536,"2564,2565,2566,2567,2568,2569,2570,2571,2572"
2588,Other bowed stringed instruments viol,787.6,2583,
2603,The performing arts in general,790.2,2601,
2633,Games Of Chance,795,2600,"2634,2635,2636,2637"
2642,Outdoor life,796.5,2638,
2643,Cycling and related activities,796.6,2638,
2658,"Literature, Rhetoric & Criticism",800,2657,"2659,2660,2668,2910,2911,2912,2913,2914,2915"
2695,German literature & literatures of related languages,830,2694,
2723,Italian humor & satire,857,2716,
2745,Latin miscellaneous writings,878,2736,
2781,Geography Of & Travel In Asia,915,2772,"2785,2782,2783,2784"
2795,"Royal houses, peerage, gentry, orders of knighthood",929.7,2792,
2826,Arabian peninsula & adjacent areas,953,2822,
2875,Fashion design of clothing,746.92,2503,
2895,"Education, research & related topics",507,,
2931,Science,500,2053,"2054,2056,2890,2891,2892,2893,2894,2895"
2934,"History, geography, & auxiliary disciplines",900,2769,
2944,Ethics (moral philosophy),170,1535,
2950,Political science (politics & government),320,1718,
2953,Public administration & military science,350,1819,
2966,Medicine & health,610,2232,
2970,Manufacture of products for specific uses,680,2404,
2976,"Literatures of Italian, Dalmatian, Romanian, Rhaetian, Sardinian, Corsican languages",850,2716,
2748,Classical Greek literature & literatures of related Hellenic languages,880,2747,
2917,"Altaic, Uralic, Hyperborean & Dravidian",894,2759,
2866,Melanesia; New Guinea,995,2863,
2847,Northeastern United States,974,2843,
2815,Central Europe; Germany,943,2810,
2737,Latin literature & literatures of related Italic languages,870,2736,
2682,American letters in English,816,2676,
2318,"Use of tools, machinery, apparatus, equipment",631.3,2904,
2242,Personal Health & Safety,613,2232,"2243,2244,2246,2999,2245"
2047,"Altaic, Uralic, Hyperborean & Dravidian",494,2039,
